	Unnamed: 0	Unnamed: 0.1	Protein identifier	Contig id	Start	Stop	Strand	Gene symbol	Sequence name	Scope	Element type	Element subtype	Class	Subclass	Method	Target length	Reference sequence length	% Coverage of reference sequence	% Identity to reference sequence	Alignment length	Accession of closest sequence	Name of closest sequence	HMM id	HMM description	sequence
0	0	0		contig17	9115	10464	-	tet(38)	tetracycline efflux MFS transporter Tet(38)	core	AMR	AMR	TETRACYCLINE	TETRACYCLINE	EXACTX	450	450	100.0	100.0	450	WP_001100293.1	tetracycline efflux MFS transporter Tet(38)			TTTTTCAGATTGTGTCCAACGATTTAAGATGACGAATAAAACTAATCCGACAATACTCATTAAACCTAAAATAATTAAAATAATACCGAAATGTGAACTTAATGCATCATTGCCTGGGAAATTTAATGCTTTAAAATCGATTAGAGCCGCAGCAATCGCAATACCTACAGATACCGCCACATTAATAATTAAATTATAAAAACCAATAGCCACACCTGTCATATTAAGATCTATTGTTTTAATGGCTTCGTTAAGTAAAGGTGCATACATTAAAGCAAAGCTACCTGCAAAGAATATCATAGAAATGACGAAGATTGAAATGTGATTACCTACTGCAAATGCAGGTAAAATTAAGCTCAGTGCGATTAAAATAATTGCTGTGATAATCGCTTGTTTTGAATTAAGATATTCGCCGATTTTACCACTTAGTGCACCAACGATGACTGCTACAATATAACCCGGTACTAATAACAGTGATGTTGTGTCTAGTTGAAGATGATAAATTTGTTCCATTATGAATGGGAACGTAAAAATATAACCCAATTGGATAGCATACATTACGAATACTATAAATAAAAATGAAGCATAACGTTTATTTTGGAAAAATGATTTGTTTACTAATGGACGTTGCGCATTTTTAATATATAGCGCAAAAACGATAATCGCAATTAAAGCACCAATCATATATAACCAATTAAAGTTCGTAATAAACAGCATGACTGTTGTAGCAATAGTTGCCACTAGAATTAAGCCAACAAAATCTAAATGAGCTTTATTTGTATTATTTTCTTTTGGTAATAATTTAAATAGGAATGGCAACGTAAATACTACGATTAATGCAATTAAAAACATATTTGTCCAGTGTAAATACGTAGAAATAAATCCACCTGATAATGTACCGATAACTAATGACAAGGAATAACTGCTCGTACTTAAGCCAAGGTAAGTCTTCTGGTCCTCTTTAGAAAGATACTTTGCAACATATATCACATATAATGTCTCTGCAGCAGCTAAACCTGCAGTTTGAATAATACGTCCAACTAAAAGTAATGCGAATTGATGTTGGAAAATGTAACCAATAATTGATCCGATAATGATTAATATCACGCCATAAATAAATAGTGTGCGTATACTAATGGCATCAGATAATGAAGCGTATACTACAGCGCCAATACCAATTACTAAACCGGCTAATGTCGCTTGCCAACTTACTGTAGTTACAGAAATGTTTAAGTCATCAGCAATGGCTACAGAAATCAATTTGAATGAGTTGTCTATAACCAAACTGAATACAAATAAGAATAATAAAATAGGTACTGCTTTCTTTATTTTAGAATATTCAACATTCA
1	1	1		contig22	26774	29434	-	gyrA_S84L	Staphylococcus aureus quinolone resistant GyrA	core	AMR	POINT	QUINOLONE	QUINOLONE	POINTX	887	887	100.0	99.77	887	WP_000819084.1	DNA gyrase subunit A GyrA			ATCTTCATCTGATGATTGTTGTATATCTTCTTCAACACGATCCATGAAATCTTGTCTTACTTCAATACGTCCATCTTCATCATTTTCTTCTGAATCAATCACTTCAGTATGAATTGCATTTCCTGGTGTTTCATCATTTACAACCGCTTCACGTTGTTGTTCAGTACCATCTTCAGATACAGTTGAAGTAGATTGCTCATCTTCATTCGTTTCATCTTCTGCATCTTCTTTTACTTTAGCAACCGTTGAAACAAATTGATCATCACCTAAGCGAATTAAGCGAACACCTTGTGCTGCACGACCATTTTGAGAAATATCTGCAACATCTAGTCGAATAATGACACCTGCATTAGTAACAATCATTAAATCTTCTTCACCAGTTACTGTAGTGATACATACAACATTACCATTACGCTCAGTAATCGTAGCTGTTTTAATACCTTTACCACCACGATTTGATAAACGATAGTCATTAACTGGCGTACGTTTACCATAACCATTTTCAGTAACTACTAATACTTCATCAACACTGTTTGCATGAGCTACATCAAGCCCTACAACTTCGTCACCTTCACGAAGTGTAATACCTTTCACACCCGTTGCTGTACGGCCTAAAGGACGTAATGTTGATTCAGGGAATCGAATTAATGATGCATGTGATGTACCAATCAAGATATCTTCTTGACCACTTGTTAAGCGAACTGCAATTAACTCATCATCTTCTCTGAACGAAATCGCAATCTTACCATTTCTATTTATTCTTGAGAAGTTACTTAATGCTGAACGTTTAACGACACCACGTTTAGTTGCAAACACTAAGAAGTTGTCTTCACTTTCAAGGTCTTTAACAGCAATCATTGTACTAATGACTTCATCATTTTCAAGTTCAATAGCATTCACTACAGGAATACCTTTAGACTGTCTTGATAACTCAGGCACTTCATAACCTTTAAGTTTGTATACACGACCTTTGTTAGTAAAGAACAATACATGGTCATGTGTACTTAAAGTTACCAATTGACTGACAAAATCTTCTTCCAATGTGTTCATACCTTGAACACCACGACCACCACGGTTTTGAGCACGATATGTAGATACCGGCAAACGTTTAATGTAGTTATTATGGCTCAAAGTAATTACTATTTGTTCTTCTGGAATTAAGTCTTCATCTTCTAAGTCTTCAAATCCACCTAATTGAATTTCTGTACGACGATCATCACCGAAACGATCTCTAATTTCAGTCAATTCATCTCTAACTAACTGTAATAACACTTCTTCATCAGCTAAGATTGCTTCTAATTCACTAATATAATTTAATAACTCATTATATTCAGCTTCAATTTTGTCTCTCTCTAAACCTGTTAGACGTCTTAAACGCATGTCTAAAATAGCTTGAGCTTGTTTTTCAGAAAGTTTGAAGCGTTGTTGCAAGCTTTCCATTGCAACTTTATCTGTATCTGACTCACGAATCGTTGAAATAATTTCATCGATATGGTCAAGTGCGATACGTAATCCTTCTAAAATGTGGGCACGATCTTTAGCTTTACGTAAGTTGTATTGCGTACGTCTTCTAACAACTGTCTTTTGATGCTCTAAATAATGTACCAACGCTTCTTTTAAATTAATAAGCTTCGGTCTACCATTTACAAGTGCAATCATATTCACACCAAATGATGTTTGAAGAGGTGTTTGTTTGTATAAGTTATTTAAAATGACACTAGCATTTGCATCCTTACGCACATCAATAACGACACGCACACCAGTACGTAAACTTGTTTCATCACGTAAATCAGTGATACCGTCAATTTTCTTGTCACGAACGAGCTCTGCAATTTTTTCAATCATACGAGCCTTATTCACTTGGAAAGGAATTTCAGTGACAACAATACGTTGACGTCCGCCTCCACGTTCTTCAATAACTGCACGAGAACGCATTTGAATTGAACCACGACCTGTTTCATATGCACGTCTAATACCACTCTTACCTAAAATAAGTCCAGCAGTTGGGAAATCAGGACCTTCAATATCCTCCATTAACTCAGCAATTGAAATATCAGGGTTTTTACTTAAGCTAAGTACACCATTGATTAATTCTGTTAAGTTATGTGGTGGAATATTCGTTGCCATACCTACCGCGATACCTGATGCACCATTGGCTAACAAGTTAGGGAATCGAGCAGGTAAGACTGACGGCTCTCTTTCATTACCATCATAGTTATCGATAAAATCTATTGTATCTTTATTAATATCTCGTAACAGTTCAAGTGTGATTTTAGTCATACGTGCTTCAGTATAACGCATTGCTGCTGCGCCATCTCCATCCATTGAACCAAAGTTACCTTGGCCATCAACAAGCGGATAACGATAACTGAAATCTTGAGCCATACGTACCATTGCTTCATAAATAGATAAGTCACCATGAGGGTGATATTTACCCATTACGTCACCAACGATACGTGCTGATTTTTTATATGATTTATCCGGTGTCATACCTTGTTCATTTAATCCATATAGTATACGACGATGTACTGGTTTTAAACCGTCACGAACATCTGGCAATGCACGAGCAACGATAACACTCATCGCATAATCTAAAAATGATTCACGCATTTCACTGGTAATATTTCGTTCATTTATTCTTGATTGAGGTAATTCAGCCA
2	2	2		contig37	154	996	-	blaZ	penicillin-hydrolyzing class A beta-lactamase BlaZ	core	AMR	AMR	BETA-LACTAM	BETA-LACTAM	BLASTX	281	281	100.0	94.66	281	WP_000733281.1	penicillin-hydrolyzing class A beta-lactamase BlaZ			AAATTTGTTTATTACATTCTTGGCGGTTTCACTTATCAATTTATCATTAGGTTTATCACTTTTATTGTCTTTATTCGTAAAAATGACTAAAATAATAGGTTCAGATTGGTTCTTAGGATAAATAAAAGCTACATCATTTCTAGAAGCATATGTTATTGCTTGACCACTTTTATCAGCAACCTTATAGTCTTTTGGAACACCATCTTTAATTAAAGTGTCTCCGTTTTTATTATTTAACATTAAATCAAGTAAGAAATTTTTATTTTTTTTGCTTAATTTTCCATTTGCGATAAGTTTATTTAAAGTCTTGCCGAAAGCAGCAGGCGTTGAAGTATCTTTTTTGCTCTTTGGTGAATAGTAATTTAATTCTATTTCATATCTAACTGGATTTGTTACTTTATCTCCCAATTTTTTTAAACGTTTTTTAATTTTTTTGATTCCACCGATTTCGTTTATAATTTTATTGTTTGCTGTATTATCACTATACTTCATTGAAGCCTCAATAAGTTCTTTTAAAGTGATATCTTTTCCTACATATTTTTCTAAAATAGGAGAATAAGCAACTATATCATCTTTGTTAATATGTACTTTTTTATTTAACTTATTATAAGGTACTTGTTCTAACAAAATAGCACTATTTATCGCTTTTGAAGTTGAAGCATAGGCAAATCTCTTATCGGCATTAAATTTTACTTCCTTACCACTTTTAGTATCTAATGCATAGACACCAATATTAGCATTATATTTCTTTTCTAAATTATTTAACTCTTTAGCATGTGAACTGGTTGAATTACATGCACTTAAAACTAAAGCAATTGCAATTAAAAGTATTAACTTTTTCA
3	3	3		contig37	2850	3227	+	blaI	penicillinase repressor BlaI	core	AMR	AMR	BETA-LACTAM	BETA-LACTAM	BLASTX	126	126	100.0	94.44	126	WP_001284656.1	penicillinase repressor BlaI			ATGGCCAATAAGCAAGTTGAAATAACTATGGCTGAATGGGATGTTATGAATATAATATGGAATAAAAAATCAGTATCAGCTAATGAAATTGTAGTTGAGATTCAAAAAAATAAAGAAGTTAGCGATAAGACGATTAGAACATTAATTACAAGACTATATAAAAAAGAGATTATAAAACGATATAAATATAATAATATTTATTTTTACTCATCAATTATTAAAGAAGATGATATTAAAATGAAAACTGCTAAAACCTTTCTTAATAAATTGTATGGAGGGGATATGAAAAGTTTAGTGCTTAATTTTGCGAAAAATGAAGAATTAAATAACAAAGAAATTGAAGAATTGCAAGACATTTTAAATGATATTAGTAAAAA
4	4	4		contig46	1581	3584	-	mecA	PBP2a family beta-lactam-resistant peptidoglycan transpeptidase MecA	core	AMR	AMR	BETA-LACTAM	METHICILLIN	EXACTX	668	668	100.0	100.0	668	WP_000721310.1	PBP2a family beta-lactam-resistant peptidoglycan transpeptidase MecA			TTCATCTATATCGTATTTTTTATTACCGTTCTCATATAGCTCATCATACACTTTACCTGAGATTTTGGCATTGTAGCTAGCCATTCCTTTATCTTGTACATCTTTAACATTAATAGCCATCATCATGTTTGGATTATCTTTATCATATGATATAAACCACCCAATTTGTCTGCCAGTTTCTCCTTGTTTCATTTTGAGTTCTGCAGTACCGGATTTGCCAATTAAGTTTGCATAAGATCTATAAATATCTTCTTTATGTGTTTTATTTACGACTTGTTGCATACCATCAGTTAATAGATTGATATTTTCTTTGGAAATAATATTTTTCTTCCAAACTTTGTTTTTCGTGTCTTTTAATAAGTGAGGTGCGTTAATATTGCCATTATTTTCTAATGCGCTATAGATTGAAAGGATCTGTACTGGGTTAATCAGTATTTCACCTTGTCCGTAACCTGAATCAGCTAATAATATTTCATTATCTAAATTTTTGTTTGAAATTTGAGCATTATAAAATGGATAATCACTTGGTATATCTTCACCAACACCTAGTTTTTTCATGCCTTTTTCAAATTTCTTACTGCCTAATTCGAGTGCTACTCTAGCAAAGAAAATGTTATCTGATGATTCTATTGCTTGTTTTAAGTCGATATTACCATTTACCACTTCATATCTTGTAACGTTGTAACCACCCCAAGATTTATCTTTTTGCCAACCTTTACCATCGATTTTATAACTTGTTTTATCGTCTAATGTTTTGTTATTTAACCCAATCATTGCTGTTAATATTTTTTGAGTTGAACCTGGTGAAGTTGTAATCTGGAACTTGTTGAGCAGAGGTTCTTTTTTATCTTCGGTTAATTTATTATATTCTTCGTTACTCATGCCATACATAAATGGATAGACGTCATATGAAGGTGTGCTTACAAGTGCTAATAATTCACCTGTTTGAGGGTGGATAGCAGTACCTGAGCCATAATCATTTTTCATGTTGTTATAAATACTCTTTTGAACTTTAGCATCAATAGTTAGTTGAATATCTTTGCCATCTTTTTTCTTTTTCTCTATTAATGTATGTGCGATTGTATTGCTATTATCGTCAACGATTGTGACACGATAGCCATCTTCATGTTGGAGCTTTTTATCGTAAAGTTTTTCGAGTCCCTTTTTACCAATAACTGCATCATCTTTATAGCCTTTATATTCTTTTTGTTTTAATTCTTCAGAGTTAATGGGACCAACATAACCTAATAGATGTGAAGTCGCTTTTCCTAGAGGATAGTTACGACTTTCTGTTTCATTAGTTGTAAGATGAAATTTTTTTGCGAAATCACTTAAATATTCATCCATTTTTTTAACGGTTTTAAGTGGAACGAAGGTATCATCTTGTACCCAATTTTGATCCATTTGTTGTTTGATATAGTCTTCAGAAATACTTAGTTCTTTAGCGATTGCTTTATAATCTTTTTTAGATACATTCTTTGGAACGATGCCTATCTCATATGCTGTTCCTGTATTGGCCAATTCCACATTGTTTCGGTCTAAAATTTTACCACGTTCTGATTTTAAATTTTCAATATGTATGCTTTGGTCTTTCTGCATTCCTGGAATAATGACGCTATGATCCCAATCTAACTTCCACATACCATCTTCTTTAACAAAATTAAATTGAACGTTGCGATCAATGTTACCGTAGTTTGTTTTAATTTTATATTGAGCATCTACTCGTTTTTTATTTTTAGATACTTTTTTTATTTTACGATCCTGAATGTTTATATCTTTAACGCCTAAACTATTATATATTTTTATCGGACGTTCAGTCATTTCTACTTCACCATTATCGCTTTTAGAAATATAACTGCTATCTTTATAAACTTGTTTGAAATTTTTATCTTCAATTGCATCAATAGTATTATTAATTTCTTTATCTTTTGAAGCATAAAAATATATACCAAACCCGACAACTACAACTATTAAAATAAGTGGAACAATTTTTATCTTTTTCA
5	5	5		contig46	3684	4658	+	mecR1	beta-lactam sensor/signal transducer MecR1	core	AMR	AMR	BETA-LACTAM	METHICILLIN	PARTIALX	325	585	55.56	100.0	325	WP_000952923.1	beta-lactam sensor/signal transducer MecR1			GTGTTATCATCTTTTTTAATGTTAAGTATAATCAGTTCATTGCTCACGATATGTGTAATTTTTTTAGTGAGAATGCTCTATATAAAATATACTCAAAATATTATGTCACATAAGATTTGGTTATTAGTGCTCGTCTCCACGTTAATTCCATTAATACCATTTTACAAAATATCGAATTTTACATTTTCAAAAGATATGATGAATCGAAATGTATCTGACACGACTTCTTCGGTTAGTCATATGTTAGATGGTCAACAATCATCTGTTACGAAAGACTTAGCAATTAATGTTAATCAGTTTGAGACCTCAAATATAACGTATATGATTCTTTTGATATGGGTATTTGGTAGTTTGTTGTGCTTATTTTATATGATTAAGGCATTCCGACAAATTGATGTTATTAAAAGTTCGTCATTGGAATCGTCATATCTTAATGAACGACTTAAAGTATGTCAAAGTAAGATGCAGTTCTACAAAAAGCATATAACAATTAGTTATAGTTCAAACATTGATAATCCGATGGTATTTGGTTTAGTGAAATCCCAAATTGTACTACCAACTGTCGTAGTCGAAACCATGAATGACAAAGAAATTGAATATATTATTCTACATGAACTATCACATGTGAAAAGTCATGACTTAATATTCAACCAGCTTTATGTTGTTTTTAAAATGATATTCTGGTTTAATCCTGCACTATATATAAGTAAAACAATGATGGACAATGACTGTGAAAAAGTATGTGATAGAAACGTTTTAAAAATTTTGAATCGCCATGAACATATACGTTATGGTGAATCGATATTAAAATGCTCTATTTTAAAATCTCAGCACATAAATAATGTGGCAGCACAATATTTACTAGGTTTTAATTCAAATATTAAAGAACGTGTTAAGTATATTGCACTTTATGATTCAATGCCTAAACCTAATCGAAACAAGCGTATTGTTGCGTATATTGTATGTAGTATATC
6	6	6		contig47	187	954	+	aadD1	aminoglycoside O-nucleotidyltransferase ANT(4')-Ia	core	AMR	AMR	AMINOGLYCOSIDE	KANAMYCIN/TOBRAMYCIN	EXACTX	256	256	100.0	100.0	256	WP_001795128.1	aminoglycoside O-nucleotidyltransferase ANT(4')-Ia			ATGAGAATAGTGAATGGACCAATAATAATGACTAGAGAAGAAAGAATGAAGATTGTTCATGAAATTAAGGAACGAATATTGGATAAATATGGGGATGATGTTAAGGCTATTGGTGTTTATGGCTCTCTTGGTCGTCAGACTGATGGGCCCTATTCGGATATTGAGATGATGTGTGTCATGTCAACAGAGGAAGCAGAGTTCAGCCATGAATGGACAACCGGTGAGTGGAAGGTGGAAGTGAATTTTGATAGCGAAGAGATTCTACTAGATTATGCATCTCAGGTGGAATCAGATTGGCCTCTTACACATGGTCAATTTTTCTCTATTTTGCCGATTTATGATTCAGGTGGATACTTAGAGAAAGTGTATCAAACTGCTAAATCGGTAGAAGCCCAAACGTTCCACGATGCGATTTGTGCCCTTATCGTAGAAGAGCTGTTTGAATATGCAGGCAAATGGCGTAATATTCGTGTGCAAGGACCGACAACATTTCTACCATCCTTGACTGTACAGGTAGCAATGGCAGGTGCCATGTTGATTGGTCTGCATCATCGCATCTGTTATACGACGAGCGCTTCGGTCTTAACTGAAGCAGTTAAGCAATCAGATCTTCCTTCAGGTTATGACCATCTGTGCCAGTTCGTAATGTCTGGTCAACTTTCCGACTCTGAGAAACTTCTGGAATCGCTAGAGAATTTCTGGAATGGGATTCAGGAGTGGACAGAACGACACGGATATATAGTGGATGTGTCAAAACGCATACCATT
7	7	7		contig47	1174	1575	+	bleO	bleomycin binding protein	core	AMR	AMR	BLEOMYCIN	BLEOMYCIN	EXACTX	134	134	100.0	100.0	134	WP_001242578.1	bleomycin binding protein			GTGAGAATGTTACAGTCTATCCCGGCATTGCCAGTCGGGGATATTAAAAAGAGTATAGGTTTTTATTGCGATAAACTAGGTTTCACTTTGGTTCACCATGAAGATGGATTCGCAGTTCTAATGTGTAATGAGGTTCGGATTCATCTATGGGAGGCAAGTGATGAAGGCTGGCGCTCTCGTAGTAATGATTCACCGGTTTGTACAGGTGCGGAGTCGTTTATTGCTGGTACTGCTAGTTGCCGCATTGAAGTAGAGGGAATTGATGAATTATATCAACATATTAAGCCTTTGGGCATTTTGCACCCCAATACATCATTAAAAGATCAGTGGTGGGATGAACGAGACTTTGCAGTAATTGATCCCGACAACAATTTGATTAGCTTTTTTCAACAAATAAAAAG
8	8	8		contig50	481	1212	+	erm(C)	23S rRNA (adenine(2058)-N(6))-methyltransferase Erm(C)	core	AMR	AMR	MACROLIDE	MACROLIDE	EXACTX	244	244	100.0	100.0	244	WP_001003263.1	23S rRNA (adenine(2058)-N(6))-methyltransferase Erm(C)			ATGAACGAGAAAAATATAAAACACAGTCAAAACTTTATTACTTCAAAACATAATATAGATAAAATAATGACAAATATAAGATTAAATGAACATGATAATATCTTTGAAATCGGCTCAGGAAAAGGGCATTTTACCCTTGAATTAGTACAGAGGTGTAATTTCGTAACTGCCATTGAAATAGACCATAAATTATGCAAAACTACAGAAAATAAACTTGTTGATCACGATAATTTCCAAGTTTTAAACAAGGATATATTGCAGTTTAAATTTCCTAAAAACCAATCCTATAAAATATTTGGTAATATACCTTATAACATAAGTACGGATATAATACGCAAAATTGTTTTTGATAGTATAGCTGATGAGATTTATTTAATCGTGGAATACGGGTTTGCTAAAAGATTATTAAATACAAAACGCTCATTGGCATTATTTTTAATGGCAGAAGTTGATATTTCTATATTAAGTATGGTTCCAAGAGAATATTTTCATCCTAAACCTAAAGTGAATAGCTCACTTATCAGATTAAATAGAAAAAAATCAAGAATATCACACAAAGATAAACAGAAGTATAATTATTTCGTTATGAAATGGGTTAACAAAGAATACAAGAAAATATTTACAAAAAATCAATTTAACAATTCCTTAAAACATGCAGGAATTGACGATTTAAACAATATTAGCTTTGAACAATTCTTATCTCTTTTCAATAGCTATAAATTATTTAATAA
9	9	9		contig52	1048	1530	+	dfrC	trimethoprim-resistant dihydrofolate reductase DfrC	core	AMR	AMR	TRIMETHOPRIM	TRIMETHOPRIM	BLASTX	161	161	100.0	98.14	161	WP_001830952.1	trimethoprim-resistant dihydrofolate reductase DfrC			ATGACATTATCAATAATTGTCGCTCACGATAAACAAAGAGTCATTGGGTACCAAAATCAATTACCTTGGCACTTACCAAATGATTTAAAGCATATTAAACAACTGACCACTGGGAATACACTTGTAATGGCACGGAAAACTTTTAATTCTATAGGGAAGCCATTGCCAAATAGACGTAACGTCGTACTCACTAACCAAGCTTCATTTCACCATGAAGGGGTAGATGTTATAAACTCTCTTGATGAAATTAAAGAGTTATCTGGTCATGTTTTTATATTTGGAGGACAAACGTTATACGAAGCAATGATTGACCAGGTAGATGATATGTATATCACAGTAATAGATGGAAAGTTTCAAGGAGACACATTCTTTCCACCATACACATTCGAAAACTGGGAAGTCGAATCTTCAGTAGAAGGTCAACTAGATGAAAAAAATACTATACCGCATACATTCTTACATTTAGTGCGTAGAAAAGGGAA
10	10	10		contig53	83	1519	-	aac(6')-Ie/aph(2'')-Ia	bifunctional aminoglycoside N-acetyltransferase AAC(6')-Ie/aminoglycoside O-phosphotransferase APH(2'')-Ia	core	AMR	AMR	AMINOGLYCOSIDE	AMIKACIN/GENTAMICIN/KANAMYCIN/TOBRAMYCIN	EXACTX	479	479	100.0	100.0	479	WP_001028144.1	bifunctional aminoglycoside N-acetyltransferase AAC(6')-Ie/aminoglycoside O-phosphotransferase APH(2'')-Ia			ATCTTTATAAGTCCTTTTATAAATTTCTTTTCTACCATTTTCGATAAATTCCTGTTTAATATTTTTAATTCCATAAACAATAGTTTCAATAGGATAATATTCTTCAACTATATCTTGATATTCTTTTGCTTTCTCAATATCTATATTTCCATACATTCTTAATATATCTTCTCCAAAATTTGTTCCTATTTCTTCTTCACTATCTTCAAGTAAGTATATAAAATCACAATATTCATCTATAATTCCAGAATCTCCAAAATCAATTATTCCAGTTAATCTATTATTGCCATCTAACAATAGATGATTACAACTAAAATCATTATGGCATAAACACTTTTTACCCTCAAAAACTGTTGTTGCATTTAGTCTTTCCATAAAACTTTCTATATAATCTTTTTCTATATCAGTTAAATCATTATAAATAGTTTCACGCAACAATATATACTCTTCTAATACATTTTGTTTATTATCAATAGTACATTCACTAATATCTGTATAATCTAAACCGTGCATTTGTCTTAAAAAACTGGCAATATCTCGTTTTAACAAATTTTGTTCTTCTTCTGACATAGTAGAATAAATTTCTGGTGTTAAAAAAGTTCCTTTAATTTCTTTATAACCTAGTATAGATAATTCATCACTAATATACGAATATTCAATATTAGGAATTTTTACATTAGTTTCTAAATTTGTATTTAAAAAATTATATATTGCTTTTTCTTTTGCATAACCTTTTTTCTTATTAGTACTAAATTTTGTTTTAAAAATGTATTCATTATTAACTAAATATGCCACACTATCATAACCACTACCGATTATTTCAATACTATCTACTTTGAAATTATCAAAGTAATGCTCAATTAAATATTTCATTGCCTTAACATTTGTGGCATTATCATCATATCTATATTCCATTAAATAACAATCTTCTTTTTTGCCCTCGTGTAATTCATGTTCTGGCAAATCTTCAATAATTCTAAAACCAGATTTTTGGTATGCCCTTATTGCTCTTGGATTATTTTTATGAGGGTCTAAAATAACTGCATTAGCATTTCTTTCTTTTTTCAAAAATTCAAAAATCAATTTAATATATCTTGTACCAATTCCTTTACTCCAATAATTTGGCTCTCCTATAAATTGATCCATACCATAGACTATCTCATCAGTTTTTGGATAATGATAATCAGTATATAACTCATCATACATTTTATATATTTGTCCATATCCAATAGGAACATTGTTATATTCAATAATTACTCTAAAAACTTCATCTTCCCAAGGCTCTGTATAATGTTTTTTTAATGATTCTAATGTATATTTTTTATCTCTACCACCATAAAATTCTAATACTCTTTCATCAGTTAACCATTTTAACATCAAAGGAAAATCATCATCTATTAAAGTTCTTATACATATTTCATTTTCAACTATATTCA
11	11	11		contig6	48838	51237	+	parC_S80F	Staphylococcus aureus quinolone resistant ParC	core	AMR	POINT	QUINOLONE	QUINOLONE	POINTX	800	800	100.0	99.12	800	WP_001289586.1	DNA topoisomerase IV subunit A ParC			GTGAGTGAAATAATTCAAGATTTATCACTTGAAGATGTTTTAGGTGATCGCTTTGGAAGATATAGTAAATATATTATTCAAGAGCGTGCATTGCCAGATGTTCGTGATGGTTTAAAACCAGTACAACGTCGTATTTTATATGCAATGTATTCAAGTGGTAATACACACGATAAAAATTTCCGTAAAAGTGCGAAAACAGTCGGTGATGTTATTGGTCAATATCATCCACATGGAGACTTCTCAGTGTACGAAGCAATGGTCCGTTTAAGTCAAGACTGGAAGTTACGACATGTCTTAATAGAAATGCATGGTAATAATGGTAGTATCGATAATGATCCGCCAGCGGCAATGCGTTACACTGAAGCTAAGTTAAGCTTACTAGCTGAAGAGTTATTACGTGATATTAATAAAGAGACAGTTTCTTTCATTCCAAACTATGATGATACGACACTCGAACCAATGGTATTGCCATCAAGATTTCCTAACTTACTAGTGAATGGTTCTACAGGTATATCTGCAGGTTACGCGACAGATATACCACCACATAATTTAGCTGAAGTGATTCAAGCAACACTTAAATATATTGATAATCCGGATATTACAGTCAATCAATTAATGAAATATATTAAAGGTCCTGATTTTCCAACTGGTGGTATTATTCAAGGTATTGATGGTATTAAAAAAGCTTATGAATCAGGTAAAGGTAGAATTATAGTTCGTTCTAAAGTTGAAGAAGAAACTTTACGCAATGGACGTAAACAGTTAATTATTACTGAAATTCCATATGAAGTGAACAAAAGTAGTTTAGTAAAACGTATCGATGAATTACGTGCTGACAAAAAAGTCGATGGTATCGTTGAAGTACGTGATGAAACTGATAGAACTGGTTTACGAATAGCAATTGAATTGAAAAAAGATGTGAACAGTGAATCAATCAAAAATTATCTTTATAAAAACTCTGATTTACAGATTTCATATAATTTCAACATGGTCGCTATTAGTGATGGTCGTCCAAAATTGATGGGTATTCGTCAAATTATTGATAGTTATTTGAATCATCAAATTGAGGTTGTTGCAAATAGAACGAAGTTTGAATTAGATAATGCTGAAAAACGAATGCATATCGTTGAAGGTTTGATTAAAGCGTTGTCAATTTTAGATAAAGTAATCGAATTGATTCGTAGCTCTAAAAACAAGCGTGACGCTAAAGGAAACCTTATCGAAGTATTCGAGTTCACAGAAGAACAGGCTGAAGCAATTGTAATGTTACAGTTATATCGTTTAACAAACACTGACATAGTTGCGCTTGAAGGTGAACATAAAGAACTTGAAGCATTAATCAAACAATTACGTCATATTCTTGATAACCATGATGCATTATTGAATGTCATAAAAGAAGAATTGAATGAAATTAAAAAGAAATTCAAATCTGAACGACTGTCTTTAATTGAAGCAGAAATTGAAGAAATTAAAATTGACAAAGAAGTTATGGTGCCTAGTGAAGAAGTTATTTTAAGTATGACACGTCATGGATATATTAAACGTACTTCTATTCGTAGCTTTAATGCTAGCGGTGTTGAAGATATTGGTTTAAAAGATGGTGACAGTTTACTTAAACATCAAGAAGTAAATACGCAAGATACCGTACTAGTATTTACAAATAAAGGTCGTTATCTATTTATACCGGTTCATAAATTAGCAGATATTCGTTGGAAAGAATTGGGGCAACATGTATCACAAATAGTTCCTATCGAAGAAGATGAAGTGGTTATTAATGTCTTTAATGAAAAGGACTTTAATACAGATGCATTTTATGTTTTTGCGACTCAAAATGGCATGATTAAGAAAAGTACAGTGCCTCTATTTAAAACAACGCGTTTTAATAAACCTTTAATTGCTACTAAAGTTAAAGAAAATGATGATTTGATTAGTGTTATGCGCTTTGAAAGAGATCAATTAATTACCGTCATTACTAATAAAGGTATGTCATTAACGTATAATACAAGTGAACTATCAGATACCGGATTAAGGGCAGCTGGTGTTAAATCAATAAATCTTAAAGCTGAAGATTTCGTTGTTATGACAGAAGGTGTTTCTGAAAATGATACTATATTGATGGCCACACAACGCGGCTCGTTAAAACGTATTAGTTTTAAAATCTTACAAGTTGCTAAAAGAGCACAACGTGGAATAACTTTATTAAAAGAATTAAAGAAAAATCCACATCGTATTGTAGCTGCACATGTAGTGACAGGTGAACATAGTCAATATACATTATATTCAAAATCAAATGAAGAACATGGTTTAATTAATGATATTCATAAATCTGAACAATATACAAATGGCTCATTCATTGTAGATACAGATGATTTTGGTGAAGTAATAGACATGTATATTAG
